<?xml version="1.0" encoding="UTF-8"?>
<beans xmlns="http://www.springframework.org/schema/beans"
	xmlns:xsi="http://www.w3.org/2001/XMLSchema-instance" xmlns:context="http://www.springframework.org/schema/context"
	xmlns:mvc="http://www.springframework.org/schema/mvc"
	xsi:schemaLocation="http://www.springframework.org/schema/mvc http://www.springframework.org/schema/mvc/spring-mvc-3.1.xsd
		http://www.springframework.org/schema/beans http://www.springframework.org/schema/beans/spring-beans-3.1.xsd
		http://www.springframework.org/schema/context http://www.springframework.org/schema/context/spring-context-3.1.xsd
		 http://www.springframework.org/schema/data/jpa http://www.springframework.org/schema/data/jpa/spring-jpa-1.2.xsd">

    <bean id="configBean" class="com.graby.zhongcangweb.util.EnvPropertyPlaceholderConfigurer"> 
        <property name="location"> 
            <value>classpath:application.properties</value> 
        </property> 
    </bean>
    
	<!-- 自动扫描且只扫描@Controller -->
	<context:component-scan base-package="com.graby.zhongcangweb"
		use-default-filters="false">
		<context:include-filter type="annotation"
			expression="org.springframework.stereotype.Controller" />
	</context:component-scan>

	<mvc:annotation-driven>  
	    <mvc:message-converters>  
	        <bean class="org.springframework.http.converter.StringHttpMessageConverter">  
	            <property name="supportedMediaTypes">  
	                <list>  
	                    <value>text/plain;charset=UTF-8</value>  
	                    <value>text/html;charset=UTF-8</value>  
	                </list>  
	            </property>  
	        </bean>  
	        <bean class="org.springframework.http.converter.json.MappingJackson2HttpMessageConverter">  
	            <property name="supportedMediaTypes">  
	                <list>  
	                    <value>application/json; charset=UTF-8</value>  
	                    <value>application/x-www-form-urlencoded; charset=UTF-8</value>  
	                </list>  
	            </property>  
	        </bean>  
	    </mvc:message-converters>  
	</mvc:annotation-driven> 
	
	<!--  
	<mvc:annotation-driven />
	 -->

	<!-- 将无法mapping到Controller的path交给default servlet handler处理 -->
	<mvc:default-servlet-handler />
	
	<!-- 报表 -->
	<!--  
	<bean class="org.springframework.web.servlet.view.XmlViewResolver">
		<property name="location" value="WEB-INF/jasper-views.xml"/>
		<property name="order" value="0"/>
	</bean>
	-->
	
	
	<!-- 定义JSP文件的位置 -->
	<bean class="org.springframework.web.servlet.view.InternalResourceViewResolver">
		<!--  
			<property name="prefix" value="/" />
			<property name="suffix" value=".html" />
		-->
		<property name="prefix" value="/jsp/" />
		<property name="suffix" value=".jsp" />
		<property name="order" value="1"/>
	</bean>

	<!-- 上传支持 -->
	<bean id="multipartResolver"
		class="org.springframework.web.multipart.commons.CommonsMultipartResolver" />

	<!-- 静态文件 -->
	<mvc:resources mapping="/**" location="/" />

	<!-- 定义无Controller的path<->view直接映射 -->
	<mvc:view-controller path="" view-name="redirect:/home" />
	<mvc:view-controller path="/" view-name="redirect:/home" />
</beans>
