<?xml version="1.0" encoding="UTF-8" ?>
<!DOCTYPE mapper PUBLIC "-//mybatis.org//DTD Mapper 3.0//EN" 
"http://mybatis.org/dtd/mybatis-3-mapper.dtd">
<!-- namespace必须指向Dao接口 -->
<mapper namespace="com.graby.zhongcangweb.dao.CompanyDao">

	
	<resultMap id="CompanyEntity" type="com.graby.zhongcangweb.entity.Company">
		<result property="id" column="id" />
		<result property="menuId" column="menu_id" />
		<result property="title" column="title" />
		<result property="description" column="description" />
		<result property="createDate" column="create_date" />
		<result property="lastUpdate" column="last_update" />
	</resultMap>
	
	<select id="findCompanyByParams"  resultType="com.graby.zhongcangweb.entity.Company" parameterType="map">
		select *
		from tb_company 
		where 1=1
		<if test="id!=null">
			and id=#{id}
		</if>
		<if test="menuId!=null">
			and menu_id=#{menuId}
		</if>
	</select>
	
	<select id="findCompanyListByParams"  resultMap="CompanyEntity" parameterType="map">
		select *
		from tb_company 
		where 1=1
		<if test="id!=null">
			and id=#{id}
		</if>
		<if test="menuId!=null">
			and menu_id=#{menuId}
		</if>
		order by last_update desc
		<if test="start!=null and start!='' and offset!=null and offset!=''">
			limit #{start},#{offset}
		</if>
	</select>
	
</mapper> 
