<?xml version="1.0" encoding="UTF-8" ?>
<!DOCTYPE mapper PUBLIC "-//mybatis.org//DTD Mapper 3.0//EN" 
"http://mybatis.org/dtd/mybatis-3-mapper.dtd">
<!-- namespace必须指向Dao接口 -->
<mapper namespace="com.graby.zhongcangweb.dao.ContactDao">

	
	<resultMap id="ContactEntity" type="com.graby.zhongcangweb.entity.Contact">
		<result property="id" column="id" />
		<result property="menuId" column="menu_id" />
		<result property="title" column="title" />
		<result property="description" column="description" />
		<result property="createDate" column="create_date" />
		<result property="lastUpdate" column="last_update" />
	</resultMap>
	
	<select id="findContactByParams"  resultType="com.graby.zhongcangweb.entity.Contact" parameterType="map">
		select *
		from tb_contact
		where 1=1
		<if test="id!=null">
			and id=#{id}
		</if>
		<if test="menuId!=null">
			and menu_id=#{menuId}
		</if>
	</select>
	
</mapper> 
