<?xml version="1.0" encoding="UTF-8" ?>
<!DOCTYPE mapper PUBLIC "-//mybatis.org//DTD Mapper 3.0//EN" 
"http://mybatis.org/dtd/mybatis-3-mapper.dtd">
<!-- namespace必须指向Dao接口 -->
<mapper namespace="com.graby.zhongcangweb.dao.MenuDao">

	
	<resultMap id="MenuEntity" type="com.graby.zhongcangweb.entity.Menu">
		<result property="id" column="id" />
		<result property="parent" column="parent" />
		<result property="title" column="title" />
		<result property="sort" column="sort" />
		<result property="href" column="href" />
	</resultMap>
	
	<select id="findMenuByParam"  resultType="com.graby.zhongcangweb.entity.Menu" parameterType="map">
		select *
		from tb_menu
		where 1=1
		<if test="menuId!=null">
			and id=#{menuId}
		</if>
		<if test="parent!=null">
			and parent=#{parent}
		</if>
	</select>
	
	<select id="findAllMenus" resultMap="MenuEntity">
		select * from tb_menu
	</select>
</mapper> 
