<?xml version="1.0" encoding="UTF-8" ?>
<!DOCTYPE mapper PUBLIC "-//mybatis.org//DTD Mapper 3.0//EN" 
"http://mybatis.org/dtd/mybatis-3-mapper.dtd">
<!-- namespace必须指向Dao接口 -->
<mapper namespace="com.graby.zhongcangweb.dao.NewsDao">

	
	<resultMap id="NewsEntity" type="com.graby.zhongcangweb.entity.News">
		<result property="id" column="id" />
		<result property="menuId" column="menu_id" />
		<result property="title" column="title" />
		<result property="description" column="description" />
		<result property="createDate" column="create_date" />
		<result property="lastUpdate" column="last_update" />
		<result property="source" column="source" />
		<result property="content" column="content" />
	</resultMap>
	
	<select id="findNewsByParams"  parameterType="map" resultMap="NewsEntity">
		select *
		from tb_news
		where 1=1
		<if test="id!=null">
			and id=#{id}
		</if>
		<if test="menuId!=null">
			and menu_id=#{menuId}
		</if>
		order by last_update desc
		<if test="start!=null and start!='' and offset!=null and offset!=''">
			limit #{start},#{offset}
		</if>
	</select>
	
	<select id="findNewsById"  parameterType="java.lang.Integer" resultType="com.graby.zhongcangweb.entity.News">
		select id as "id",title as "title",menu_id as "menuId",content as "content",last_update as "lastUpdate",source as "source"
		from tb_news
		where id=#{id}
	</select>
</mapper> 
